SIZE	R	W	RW
256 B	11.074121	10.545956	8.237722
512 B	14.488049	14.555069	9.797882
1024 B	28.441961	36.751045	13.125994
2 KB	24.57689	34.29609	33.157856
4 KB	37.11212	33.823666	30.630182
8 KB	31.338156	34.186783	20.774542
16 KB	27.820812	29.341002	30.776802
32 KB	22.251715	30.239552	29.92861
64 KB	24.955177	31.30996	29.504395
128 KB	23.59835	20.701862	16.765438
256 KB	21.662361	16.527683	13.641195
512 KB	20.652134	18.699032	14.978393
1024 KB	18.66307	17.684269	13.163277
